firstName,lastName,email
Carlos,Garcia,carlos.garcia@example.com
María,Rodríguez,maria.rodriguez@example.com
Juan,Pérez,juan.perez@example.com
Ana,López,ana.lopez@example.com
Pedro,Martínez,pedro.martinez@example.com
Sofía,González,sofia.gonzalez@example.com
Miguel,Fernández,miguel.fernandez@example.com
Laura,Sánchez,laura.sanchez@example.com

